title,price,rating,number_sold,if_is_shipping,store
['For iPhone 7 6 6S 8 Plus Case Luxury Original Liquid Silicone Soft Cover For iPhone 11 12 Pro X XR XS Max Shockproof Phone Case'],['US $1.26'],[' 4.8'],['70624 sold'],['Free Shipping'],['MBAND Store']
['New Original Liquid Silicone Soft Case For Samsung A51 A50 S10 Plus S8 S9 S20 FE S21 Plus Ultra S10E A71 A70 A21S A31 A41 Coque'],['US $0.01'],[' 4.7'],['47979 sold'],['+ Shipping: US $0.68'],['YISHANGOU Shop Store']
['Clear Phone Case For iPhone 11 7 8 XR Case Silicone Soft Cover For iPhone 11 12 Mini Pro XS Max X 8 7 6s Plus 5 SE 2020 XR Case'],['US $0.70'],[' 4.8'],['3627 sold'],['Free Shipping'],['LZD Global Store']
['Candy Color Silicone Phone Case For samsung galaxy A12 A42 A52 A72 A32 5G M02S A02S M31s Matte Soft Tpu Back Cover Fundas Coque'],['US $0.01'],[' 4.8'],['6824 sold'],['Free Shipping'],['STAR-Q Store']
['Original Internet  Celebrity Fidget Toys Phone Case For Xiao Mi Iphone 116.1Inchese 12 Pro Max XR XS 7 8G&Plus Shockproof Cover'],['US $2.99'],[' 5.0'],['43 sold'],['Free Shipping'],['TOM-CAT Store']
"['For Samsung Galaxy A12 Case Phone Cover Silicon Soft TPU Back Cases For Samsung A12 Case 2019 Fashion Bumper A 12 6.5"" Coque Cat']",['US $0.76'],[' 4.7'],['997 sold'],['Free Shipping'],['Shop910563384 Store']
['Liquid Silicone Luxury Case For Apple iPhone 11 12 Pro Max mini SE 2020 X XR XS Max 7 8 Plus Card Strap Holder Shell Case Cover'],['US $2.01'],[' 5.0'],['5061 sold'],['+ Shipping: US $1.31'],['kuugax Store']
['Daisy Flower Phone Case For Huawei P40 Lite E P30 P20 P10 Mate 10 20 30 Lite Pro Plus P Smart 2020 Y6 Y7 Y9 2019 S Z Soft Fundas'],['US $0.01'],[' 4.9'],['2657 sold'],['Free Shipping'],['Ucover Store']
['Cute Letters Case For Samsung Galaxy A12 Case A42 A52 5G Cover Soft Slim Funda For Samsung A42 A52 5G A 12 42 52 SM-A426B Bumper'],['US $0.01'],[' 4.8'],['1622 sold'],['+ Shipping: US $0.93'],['Shop911139012 Store']
['Silicone Solid Color Phone Case For Samsung Galaxy A8 A5 2018 2017 2016 2015 Soft Cover Candy Color Samsung A6 PLUS A403 A908'],['US $1.49'],[' 4.7'],['2880 sold'],['+ Shipping: US $0.72'],['Yun duo duo Store']
['For Realme 8 Pro Case for Realme 8 Pro C21 7 5G GT Cover Coque Funda Original Liquid Silicone Soft TPU Phone Bumper For Realme 8'],['US $1.74'],[' 4.9'],['483 sold'],['+ Shipping: US $0.35'],['Global 2015 Store']
['Leather Phone Case For Huawei P20 Pro P8 P9 P10 Lite Honor 5X 6C 6X 8 10 Mate 7 8 9 10 Lite Nova 2i P Smart Card Holder Cover'],['US $0.01'],[' 4.8'],['1788 sold'],['Free Shipping'],['TUMI.OvO No.2 Store']
['Rabbit Ear Squeeze Bubble Case For IPhone 12 Pro 11 XR X XS Max 7 8P Rainbow Decompression Soft Silicone Creative Phone Case'],['US $4.61'],[],['1 sold'],['Free Shipping'],['Dabunao Store']
['Original Soft Liquid Silicone Phone Case for Xiaomi POCO X3 NFC M3 F2 Pro Camera Protection Cloth Lining Shockproof Back Cover'],['US $0.01'],[' 4.8'],['2020 sold'],['+ Shipping: US $0.58'],['Ucool Store']
"['6.53"" Case For Redmi 9A Silicone Soft TPU Phone Cover For Redmi 9A Case Cool Fashion Pattern Protective Case Bumper For Redmi 9A']",['US $0.01'],[' 4.9'],['813 sold'],['+ Shipping: US $0.79'],['adlucky Official Store']
['Rose Lion Painted Phone Shell For Etui Samsung Galaxy S5 S6 S7 S8 S9 S10 Plus S10E S20 Fe Cute Funny Card Slot Case A42 5G DP08F'],['US $0.01'],[' 4.9'],['522 sold'],['Free Shipping'],['DEEVOLPO Official Store']
['With Glass Film Phone Case For Huawei Mate 30 P20 P30 Pro 2019 P40 Lite E 20 X Screen Protection 360 Degree Shockproof PC Cover'],['US $1.64'],[' 4.5'],['473 sold'],['Free Shipping'],['YMG 1995 Store']
['Silver Foil Phone holder case For Samsung Galaxy A9 2018 Coque A7 2018 A750 Bling Glitter Soft Silicone Stand Cover'],['US $0.01'],[' 4.8'],['551 sold'],['Free Shipping'],['Tobebest Retail Store']
['For Samsung J4 Core Case Cute FASHION Soft TPU Silicone Phone Back Cover Cases For Samsung Galaxy J4 Plus 2018 J 4 J4+ J4Plus'],['US $0.01'],[' 4.7'],['520 sold'],['Free Shipping'],['quan xin shou ji ke Store']
"['For Samsung Galaxy A12 Case Phone Cover Silicon Soft TPU Back Cases For Samsung A12 Case 2019 Fashion Bumper A 12 6.5"" Coque Cat']",['US $0.88'],[' 4.7'],['1810 sold'],['+ Shipping: US $0.93'],['MXLIN Global Store']
['i-Blason For iPhone 11 Case 6.1 inch (2019 Release) Cosmo Full-Body Glitter Marble Bumper Cover with Built-in Screen Protector'],['US $17.59'],[' 5.0'],['131 sold'],['Free Shipping'],['SUPCASE & I-BLASON Store']
['for Oneplus Nord N100 Case Transparent Gradient Airbag Corners Shockproof Case for One Plus 9 Pro 8 7T 7 6T Back Cover Bumper'],['US $0.01'],[' 4.7'],['278 sold'],['+ Shipping: US $1.05'],['MY Store']
['For Huawei Y7 2019 Case Soft TPU Phone Case Y 7 2019 Cover for Huawei Y7 Prime 2019 Silicone Bumper Coque Funda Cute Cartoon Cat'],['US $1.19'],[' 4.8'],['108 sold'],['Free Shipping'],['Shop1911296 Store']
['For Alcatel 1S 3L 2020 Case Soft TPU Silicone Flowers Funda For Alcatel 1 S 3 L 2020 Case 5028Y 5028D 5029Y 5029 5029D Cover'],['US $1.51'],[' 4.7'],['69 sold'],['+ Shipping: US $1.04'],['TTOMYYOUG Official Store']
['For BQ6030G PRACTIC Case Silicone TPU Cover Phone Case On for BQ 6030G Practic Protective Case for BQ 6030 G Practic Funda Coque'],['US $1.73'],[' 4.8'],['138 sold'],['+ Shipping: US $1.26'],['SevenColors Digital Store']
['For Samsung Galaxy A50 Case Silicone Transparent Back Cover Phone Case For Samsung A50 A505 A505F SM-A505F A 50 Soft TPU Case'],['US $1.41'],[' 4.7'],['116 sold'],['Free Shipping'],['Edoshvchv Global Store']
['Case For Redmi 7A Case Redmi 7A Universe Soft TPU Silicone Back Cover Case For Redmi 7A Bumper Redmi 7A 7 A 5.45 inch Capa Coque'],['US $0.01'],[' 4.9'],['302 sold'],['+ Shipping: US $0.79'],['adlikeme Official Store']
['For Redmi 9A Ultra-thin clear Case Redmi9A Transparent Soft silicone TPU Phone Case Cover shell For Redmi 9A Clear Case'],['US $0.01'],[' 4.9'],['1096 sold'],['Free Shipping'],['HAO123 Store']
['Hope Year Phone Accessories Case For iphone 11 Pro Max 12 Mini Soft Fashion Coque Cover Protective Shockproof Anti-Dust Capa Dro'],['US $1.85'],[' 5.0'],['9 sold'],[],['Hope Year Official Store']
['For Samsung Galaxy S8 Plus/S8+ Liquid Silicone Case Phone Protection Cover For S 8/S8 Plus/S8 + Touch Soft Silky Shell With Logo'],['US $0.01'],[' 4.7'],['443 sold'],['+ Shipping: US $0.36'],['Shenzhen danna Mobile Phone Accessories Accessories Store']
"[""For Nokia 2.4 Case Phone Cover Silicone Soft TPU Cases For Nokia 2.4 Case Fashion Cute Funda for Nokia2.4 2020 6.5'' Coque Slim""]",['US $0.88'],[' 4.8'],['442 sold'],['+ Shipping: US $0.67'],['WALWORTHS Store']
['Universal Waterproof Case Mobile Phone Cover Coque Water Proof Pouch Bag For iPhone 12 11 Pro Max 8 Plus Samsung Xiaomi'],['US $1.91'],[' 5.0'],['40 sold'],['Free Shipping'],['Shop911467045 Store']
['Soft Silicone Case For Huawei Y5p DRA-LX9 Case Silicone Back Cover Y5 p Phone Case For Huawei Y5P 2020 5.45 Cover Coque Shell'],['US $1.41'],[' 5.0'],['26 sold'],['Free Shipping'],['Edoshvchv Global Store']
['For Huawei P smart 2021 Cases 6.67 Soft Silicone Back Phone Case For Huawei P Smart 2021 Bumper Protective Funda Shell Etui Bags'],['US $1.41'],[' 5.0'],['132 sold'],['Free Shipping'],['Edoshvchv Global Store']
['KEYSION Shockproof Armor Case For Xiaomi Redmi Note 10 10S 10 Pro Max Ring Stand Phone Cover for Redmi 9 9A K40 Pro Note 9T Pro'],['US $3.32'],[' 4.8'],['432 sold'],['Free Shipping'],['KEYSION Online Official Store']
['For Huawei P Smart 2021 Case Bumper 6.67 inch Soft TPU Silicone Cover For Huawei P Smart 2021 Cases Scenery Back Cover Coque'],['US $1.39'],[' 4.9'],['634 sold'],['+ Shipping: US $0.79'],['adlucky Official Store']
['Fashion Rainbow Silicone Phone Case For iPhone 12 mini 11 Pro XR X XS Max 7 8 Plus Cover Reliver Stress Pop Bubble Cover'],['US $2.59'],[],['14 sold'],['+ Shipping: US $1.07'],['LJP16888 Store']
['Case For Samsung Galaxy A20e Case Galaxy A20 Silicon Back Cover Phone Case For Samsung A20s A 20 20s A207 A20e Soft Fundas Coque'],['US $1.86'],[' 4.8'],['3173 sold'],['Free Shipping'],['Shop5706089 Store']
['For Xiomi Xiaomi Mi 10 Lite 5G Case Silicon Cute Soft Cover Phone Cases For Xiaomi Mi10 Lite Zoom Mi 10Lite 10 Lite Fundas Case'],['US $1.23'],[' 4.8'],['700 sold'],['+ Shipping: US $0.84'],['Digital pig Store']
['Soft Silicone Case For Samsung Galaxy S20 s21 Ultra Plus FE S20FE s21ultra s21plus camera Lens Protection Shockproof Phone Cover'],['US $0.01'],[' 4.7'],['1549 sold'],['+ Shipping: US $0.58'],['Best-Buy Store']
['Popular Case For Samsung Galaxy S20 FE Case Soft Silicone Back Cover Phone Case Funda For Samsung S20 FE 5G Case S20 Plus Case'],['US $1.21'],[' 4.8'],['53 sold'],['+ Shipping: US $1.05'],['Shop910745005 Store']
['For Redmi 9 Case Soft Silicone Back Cover TPU Case on For Xiaomi Redmi 9 Phone Back Cover Redmi9 6.53 Fundas For Redmi 9 Cases'],['US $0.01'],[' 4.8'],['904 sold'],['Free Shipping'],['yong xin dian zi shang wu Store']
['For Honor 7A Case On for Honor 7A DUA-L22 Case Flip PU Leather Phone Case For Huawei Honor 7A 7 A Russia Honor 7A Wallet Case'],['US $3.89'],[' 5.0'],['163 sold'],['Free Shipping'],['Edoshvchv Global Store']
['For Xiaomi Mi 10T Mi10T Pro Case Luxury Armor Shockproof Phone Cases for Mi 10T Lite Car Magnetic Ring Silicone Bumper Case'],['US $1.97'],[' 4.9'],['988 sold'],['Free Shipping'],['LFW Communication Store']
['Women Reflective Running Phone Armband for iPhone Arm Bag Gym Cell Phone Wrist Holder Men Sweatproof Workout Arm Case with Pock'],['US $8.55'],[],[],['Free Shipping'],['Honghu Accessories Store']
['Soft Silicone TPU Case for xiaomi Redmi 5A 5.0 inch Phone Case for Hongmi 5A Shell Painted Cover for Redmi 5a Cat flower'],['US $1.74'],[' 4.7'],['103 sold'],['+ Shipping: US $4.21'],['Shop910647053 Store']
['For Samsung A12 Case Soft Silicon Tpu Back Phone Cover For Samsung Galaxy A12 GalaxyA12 A 12 SM-A125F a125 Bumper 6.5inch black'],['US $0.01'],[' 4.9'],['339 sold'],['+ Shipping: US $4.21'],['Shop900250444 Store']
['Luxury Official Silicone Case for Apple iPhone 12 Pro MAX XS XR 7 8 6S Plus 11 Mini 12Pro Logo Brand Original Phone Cover Coque'],['US $1.24'],[' 5.0'],['337 sold'],['+ Shipping: US $0.80'],['LiangCase Store']
['For OnePlus Nord N10 Case Black Silicone Soft Back Cover for OnePlus Nord N10 5G Phone Case TPU Capa 1 + Nord N 10 One Plus'],['US $1.92'],[' 4.8'],['111 sold'],['+ Shipping: US $0.67'],['WALWORTHS Store']
['Huawei Nova 5T Matte Case Huawei Nova 5T Phone Case Huawei Honor 20 20S shockproof Candy Color Design TPU Silicone Soft Cases'],['US $1.20'],[' 4.7'],['1048 sold'],['Free Shipping'],['Shop5875525 Store']
['3D Mirror Diamond Soft Case For Samsung Galaxy A12 A02s A32 A42 A52 A72 A02 S A 12 32 42 5G Prism Laser Gradient TPU Back Cover'],['US $0.99'],[' 4.9'],['143 sold'],['+ Shipping: US $1.05'],['BigDiscount Store']
['For Honor 10X Lite Case TPU Soft Silicone Case for Huawei Honor 10X Lite Phone Case Honor10X Lite 10 X Lite 2020 Back Cover'],['US $0.88'],[' 4.6'],['288 sold'],['+ Shipping: US $0.67'],['WALWORTHS Store']
['I-BLASON For iPhone 12 Pro Max Case 6.7 inch (2020 Release) Cosmo Wallet Slim Designer Card Slot Wallet Case Back Cover caso'],['US $15.00'],[' 4.9'],['42 sold'],['Free Shipping'],['I-BLASON Official Store']
['For xiaomi redmi 9 Case 6.53 inch Painted Silicon Soft TPU Back Phone Cover For redmi 9 Case etui bumper Full Protection Coque'],['US $1.58'],[' 5.0'],['48 sold'],['+ Shipping: US $4.21'],['Shop4385073 Store']
['Case For OPPO A5S Case For OPPO A5S A5 S A 5S Cover Cute Protective Case For OPPO A5S Silicone Soft TPU Phone Cover Bumper A5S'],['US $1.06'],[' 4.9'],['180 sold'],['+ Shipping: US $0.79'],['Ti Ti Store']
"[""For Sharp Aquos C10 Case Silicone Soft Wolf Lion Phone Cover for Sharp Aquos S2 Case TPU Bumper on for For Sharp C10 C 10 5.5''""]",['US $0.94'],[' 4.7'],['116 sold'],['+ Shipping: US $0.67'],['WALWORTHS Store']
"[""For ZTE Blade A7s 2020 Case Silicone Soft TPU Space Phone Cover for ZTE Blade A7s 2020 Case A 7s 2020 6.5'' Coque Shockproof""]",['US $0.01'],[' 4.9'],['263 sold'],['+ Shipping: US $0.67'],['WALWORTHS Store']
['For Tecno Spark 5 Case Tecno Spark 5 Pro Soft TPU Phone Case For Tecno Camon 15 Air Silicone Back Cover For Tecno Camon 15 Shell'],['US $0.94'],[' 5.0'],['60 sold'],['+ Shipping: US $0.79'],['adlucky Official Store']
['For Huawei honor 6X Case Ultra Thin Slim Soft Matte Silicone Back Cover Phone Cases For Huawei GR5 2017 mate 9 lite case covers'],['US $0.01'],[' 4.9'],['275 sold'],['+ Shipping: US $0.93'],['RIVAS Laconic Store']
['Soft Phone Shell Case For Huawei Honor 9 Soft TPU Silicon Back Case For Huawei Honor 9 lite Cover Full 360 Protective Coque'],['US $0.83'],[' 4.9'],['330 sold'],['Free Shipping'],['quan xin shou ji ke Store']
['Call Flash Phone Case Smart Voice-activated Luminous Mobile Phone Shell for iPhone12 iPhone11 iPhoneXs Max'],['US $14.02'],[],[],['Free Shipping'],['Hamm Tech Store']
['Smart Mirror Flip Phone Case For Xiaomi Redmi Poco X3 Note 10 10s 9 9s 9T 8 8T 9c 9a 11 Pro Lite 6A 7A Mi NFC M3 M2 Cover Coque'],['US $1.91'],[' 4.8'],['54 sold'],['Free Shipping'],['Tobuycase Outlet Store']
"[""FOR Samsung Galaxy A12 Case 6.5'' Cute Silicone Soft TPU Bumper Back Cover FOR Samsung A12 A 12 A125F A125 Cartoon Candy Color""]",['US $1.13'],[' 5.0'],['40 sold'],['+ Shipping: US $0.74'],['YoBurg Factory Store']
['For Honor 8A Case Huawei Honor 8A Prime Soft Back Cover Silicone Case On For Huawei Honor 8A JAT-LX1 8A Prime JAT-L41 Phone Case'],['US $1.41'],[' 4.8'],['121 sold'],['Free Shipping'],['Edoshvchv Global Store']
['Phone Case For vivo Y30 1938 Cover Silicone Soft TPU Phone Cover for vivo Y30 Y50 Case 1935 Bumper for Vivo Y 50 VivoY50'],['US $0.88'],[' 4.8'],['72 sold'],['+ Shipping: US $0.67'],['WALWORTHS Store']
['Huawei P Smart Case Magnetic Case on for Coque Huawei P Smart FIG-LX1 Psmart Cover Etui Luxury Flip Leather Wallet Phone Cases'],['US $3.92'],[' 4.8'],['343 sold'],['+ Shipping: US $0.49'],['EZ-Real Store']
"[""Phone Case For Vivo Y19 Cover 6.53'' Silicone Soft Candy Coque For vivo 1915 Y19 Case vivoy19 Y 19 TPU Cover Fundas For Vivo Y19""]",['US $1.49'],[' 4.7'],['195 sold'],['+ Shipping: US $0.93'],['KU Store']
['Covers for ZTE BLADE L210 Case Silicone TPU Soft Phone Case for ZTE L210 Blade L 210 Protective Case Funda Coque Bumper'],['US $1.71'],[' 4.7'],['252 sold'],['+ Shipping: US $1.26'],['Global Buying Store']
['Phone Case For Samsung  Galaxy A 02 11 31 41 51 71 81 91 12 42 52 72 5g M 01 core 11 21 31 51 30 40 60 80 s europa note 10 lite'],['US $7.99'],[' 4.8'],['17 sold'],['Free Shipping'],"[""David's Shenzhen Yuewei Co., Ltd. Store""]"
['Samsung Galaxy A32 Case 5G Liquid Silicone Cover Silky Soft-Touch Finish Back Protective Phone Shell'],['US $2.04'],[' 5.0'],['28 sold'],['+ Shipping: US $0.38'],['Mobile Chergers Store']
['Silicone Case For Samsung Galaxy A5 2017 A5 2016 A520 A510 Case Phone Case For Fundas Samsung A5 2015 A500 A 5 2016 2017 Coque'],['US $1.86'],[' 4.7'],['1627 sold'],['Free Shipping'],['Shop5706089 Store']
['For Tecno Spark 5 Case Cover on Spark 5 Pro Cute Flowers TPU Protective Case For Tecno Spark 5 Soft Silicone Tecno Spark 5 Pro'],['US $1.06'],[' 5.0'],['29 sold'],['+ Shipping: US $0.79'],['Ti Ti Store']
['Soft TPU Case for Sony Xperia C3 C4 C5 C6 E2 E3 E4 E4G E5 E6 XA Ultra XA1 XA2 Plus Silicone Cover Case Phone Bags Fundas Capa'],['US $1.71'],[' 4.6'],['72 sold'],['+ Shipping: US $0.53'],['HX7 Store']
['Original Silicone Case for iPhone 11 XR 6 6s 7 8 Plus Official Liquid Silicon Cover for iPhone XS 12 Pro max 12mini With Box'],['US $1.51'],[' 4.6'],['726 sold'],['Free Shipping'],['Shop911560032 Store']
['cover phone case for huawei honor 9 honor 9 lite soft tpu silicon back cover 360 full protective printing honor 9 transparent'],['US $0.01'],[' 4.8'],['1193 sold'],['+ Shipping: US $4.21'],['Shop910647053 Store']
['For Xiaomi Mi 10T Pro Case Soft Silicone Back Cases for Xiaomi Mi 10T Mi10T Phone Case TPU Coque for Mi 10 T Pro 10TPro Cover'],['US $1.94'],[' 4.7'],['101 sold'],['+ Shipping: US $0.67'],['WALWORTHS Store']
"['Itel Vision 1 Case 6.09"" 6 Colors Flip Fashion Soft Leather Crazy Horse Exclusive Phone Cover Cases Wallet']",['US $4.59'],[' 4.5'],['169 sold'],['Free Shipping'],"['ShenZhen OYO Technology Co., Ltd.']"
"['6.67"" For Huawei P Smart 2021 Case Silicone For Huawei Y7A Case Soft Phone Cover on Huawei P Smart 2021 Iron Tower  Panda Bumper']",['US $0.01'],[' 4.9'],['520 sold'],['+ Shipping: US $0.79'],['adlucky Official Store']
['Luxury Original Liquid Silicone Case For SamSung Galaxy A52 5G A72 A 52 72 A32 A21S S20 FE S21 Ultra Thin Matte Color Soft Cover'],['US $1.59'],[' 5.0'],['216 sold'],['Free Shipping'],['3C Digital Store']
['Case For Xiaomi Mi A2 A 2 Lite A1 A 1 MiA2 MiA1 Cute Letters TPU Silicone Bumper Soft Back Cover for Xiaomi Mi 5X 6X Phone Case'],['US $0.01'],[' 4.9'],['235 sold'],['+ Shipping: US $0.84'],['Digital pig Store']
['For Xiaomi Redmi 8 Case on Redmi 8 Redmi8 Soft Cover Case For Redmi 8 Case Redmi 8 6.22 inch Wolf Silicone TPU Back Cover Bumper'],['US $1.05'],[' 4.5'],['23 sold'],['+ Shipping: US $0.79'],['roukca Official Store']
['Luxury Phone Case For Huawei Honor 8 9 10 20 30 Lite 20s 30s 9i 10i View 30 Pro V30 V20 Acrylic Back Cover Leather Pattern Shell'],['US $2.00'],[' 4.7'],['378 sold'],['Free Shipping'],['AMY-PDGB Store']
['For Oppo A15 Case 6.52 inch Silicone Soft TPU Phone Cover For Oppo A15 Cover Cute Panda Protective Case Bumper For Oppo A15'],['US $0.94'],[' 4.6'],['142 sold'],['+ Shipping: US $0.79'],['adlucky Official Store']
['For Samsung Galaxy A02 Case Shockproof Soft silicone TPU Back Cover For Samsung Galaxy A02 Phone Cases A 02 A022F Cute Cartoon'],['US $1.24'],[' 4.8'],['603 sold'],['+ Shipping: US $1.05'],['eHong Store']
['Luxury Phone Case For Apple iphone 6 6s 7 8 Plus 11 12 Mini Pro X XR XS Max Case Samsung Leather Cases Suede Cover case Luxury'],['US $4.50'],[' 4.7'],['1256 sold'],['Free Shipping'],['Jasson Store']
['Case For Samsung Galaxy S8 Plus Silicone Case Cute Pattern Soft TPU Case For Samsung Galaxy S8 S 8 Plus Bumper Phone Case Coque'],['US $0.01'],[' 4.9'],['293 sold'],['Free Shipping'],['Shop900239493 Store']
['Flower Wallet Case For Xiaomi X3 NFC CC9E A3 A2 Lite Redmi 9 9A 6 6A 7A 8A Note 9 8 7 6 Pro 9S PU Leather Flip Cover Coque'],['US $2.23'],[' 4.9'],['181 sold'],['Free Shipping'],['LittleBoo Store']
['Armor Shockproof Phone Case For Xiaomi Redmi Poco Note 9S 11 9 X3 Pro Max NFC Colorful Bracket Rugged Anti-Fall Protection Cover'],['US $2.17'],[' 4.8'],['402 sold'],['Free Shipping'],['YMG1995 Store']
"[""For LG Q60 K50 Case 6.26'' Silicone Soft TPU Back Case For LG K50 Phone Cover Bumper Coque for LG Q60 LGK50 K 50 LGQ60 Fundas""]",['US $1.53'],[' 4.7'],['50 sold'],['+ Shipping: US $1.31'],['Shop910418107 Store']
['For Samsung Galaxy A7 a 7 2018 Case A750F Ultra Thin Soft Silicone Phone back Cover Case For Samsung Galaxy A7 2018 Cover Coque'],['US $0.01'],[' 4.8'],['722 sold'],['+ Shipping: US $0.84'],['Digital pig Store']
['for samsung galaxy j3 2016 case Soft Silicone Case Cover for samsung j3 2016 2015 J320 TPU Phone Cases Coque bumper soft bags'],['US $1.39'],[' 4.8'],['799 sold'],['+ Shipping: US $0.60'],['Shop5245229 Store']
['Case For Oppo A9 A5 2020 Case Matte Soft TPU Silicone Phone Cover For Oppo A5 A9 2020 Back Cases Coque'],['US $0.01'],[' 4.6'],['902 sold'],['+ Shipping: US $0.93'],['RIVAS Laconic Store']
['TNSULY For iphone XS Max Mobile Phone Case Electroplating Fitted Frosted Hard Shell Anti-knock Cover 6.5 Inches'],['US $3.99'],[],['3 sold'],['Free Shipping'],['TNSULY 3C Store']
['For Samsung Galaxy S6 edge case Flower TPU Cover for Samsung Galaxy S6 Case for Samsung S6 G920F i9600 Cover Silicone Fundas'],['US $1.67'],[' 4.7'],['70 sold'],['+ Shipping: US $0.71'],['Shop5245229 Store']
"['Case For HONOR 9A phone back Case 6.3"" Soft Tpu Cover On Huawei Honor 9A 9 A MOA-LX9N Back Bag Protective Coque Funda Shell dog']",['US $1.61'],[' 4.8'],['399 sold'],['+ Shipping: US $4.21'],['Shop900244053 Store']
['For Samsung A21S Case Silicone Soft TPU Back Cover Phone Case For Samsung Galaxy A21S A 21S A21 S A217F Case Fundas Bumper Coque'],['US $0.87'],[' 4.6'],['221 sold'],['+ Shipping: US $0.93'],['DUANGSAN Official Store']
['Cover For Samsung Galaxy Note 8 N950F N950 Soft Silicone CaseTPU For Samsung Galaxy Note8 Back Phone Cases Shells Bags'],['US $1.26'],[' 4.3'],['22 sold'],['Free Shipping'],['Shop5383157 Store']
['for Redmi 7A Case Cover Soft Silicone Phone Case For Xiaomi Redmi7A Cartoon Soft TPU Case for Xiaomi Redmi 7A Coque Fundas'],['US $1.26'],[' 4.8'],['369 sold'],['Free Shipping'],['MZSLQS Store']
['Wallet Leather Case for HTC Desire 816 800 830 825 828 510 610 820 650 626 628 826 530 630 728 620 526 326 Cover'],['US $3.89'],[' 4.8'],['116 sold'],['Free Shipping'],['GHLL55 Store']
['Cat Wolf Wallet Flip Leather Case For Xiaomi Mi 6X A2 Redmi 6 Pro 6 6A 7 7A Stand Coque Cover'],['US $0.01'],[' 4.8'],['260 sold'],['Free Shipping'],['Biencaso Store']
['Magnetic Metal Double Side Glass Phone Case For Huawei Honor Mate 30 20 10 Lite P40 P30 P20 Pro 8X 9X Y9 P Smart Z 2019 Cover'],['US $3.43'],[' 4.8'],['994 sold'],['Free Shipping'],"['Digital, baby Store']"
['Huawei Y6P Matte Case Huawei Y6 Prime 2020 Silicone Candy colors Soft TPU  Shockproof Phone Case for Huawei Y6P Y6 P 2020'],['US $1.56'],[' 4.5'],['626 sold'],['Free Shipping'],['RS phone accessories Store']
['For Samsung J7 2016 Case Print Flower Soft Silicone Back Cover For Samsung J7 2016 TPU Phone Case For Samsung Galaxy J7 2016'],['US $1.39'],[' 4.8'],['476 sold'],['+ Shipping: US $0.60'],['Shop5245229 Store']
['Soft TPU Case For Wiko Y61 Case For Wiko Y61 Y80 Y70 Y60 Y50 Y 61 Capinha Soft Silicon Phone Back Cover Dust-proof Funda Flower'],['US $0.91'],[' 4.9'],['26 sold'],['Free Shipping'],['Shop1453340 Store']
['Case For Huawei P40 Lite Bumper Soft TPU Silicone Cover For Huawei P40 Lite Cases Leaf Cool Fashion Pattern For Huawei P40 Lite'],['US $0.94'],[' 4.7'],['352 sold'],['+ Shipping: US $0.79'],['adlucky Official Store']
['Case For ZTE Blade A3 2019 Case ZTE Blade A3 2019 TPU Case ZTE A3 2019 Silicone Soft TPU Phone Cover For ZTE Blade A3 2019 Funda'],['US $0.87'],[' 5.0'],['39 sold'],['+ Shipping: US $0.79'],['WEICASE Store']
['Case For BQ 6040L Silicon TPU Cover for BQ-6040L Magic 360 full protective Shell Bag Phone Cases for BQ 6040 L cat flower shell'],['US $1.24'],[' 4.6'],['99 sold'],['Free Shipping'],['Shop3880057 Store']
['Phone Case For Coque Samsung A41 A51 A71 A10 A20E A11 A21 A31 S A30 A40 A50 A60 A70 E A80 Mandala Print Silicone Soft Back Cover'],['US $1.54'],[' 4.5'],['108 sold'],['Free Shipping'],['Customized Phone Accessories Store']
['Transparent  Magnetic Safe Electroplating Frame Phone Case for iPhone 12  11 Pro Max 12 Mini Silicone  Clear  Back Cover'],['US $13.19'],[' 5.0'],['8 sold'],['Free Shipping'],['rambler-moon Store']
"['for Huawei Y6 2019 Case 3D Silicone cartoon case for huawei y6 prime pro 2019 MRD-LX1 y6pro2019 phone bag soft cover funda 6.09""']",['US $1.51'],[' 4.7'],['22 sold'],['+ Shipping: US $0.93'],['Shop910353129 Store']
"['For Samsung M51 Cases 6.7"" Tpu Soft Silicon Back Phone Cover For Samsung Galaxy M51 GalaxyM51 M 51 m515f back Case Funda coque']",['US $1.74'],[' 4.9'],['502 sold'],['+ Shipping: US $4.21'],['Shop910647053 Store']
['With Glass Film Phone Case For Samsung Galaxy A71 A31 A21S A11 A91 A81 A41 A51 2020 360 Degree Full Ultra Thin Protection Cover'],['US $1.64'],[' 4.4'],['390 sold'],['Free Shipping'],['YMG 1995 Store']
['For Huawei Honor 4C Case CHM-U01 Phone Case Silicone Soft TPU Back Cover Coque For Huawei Honor 4C 4 C Cover C8818 G Play Mini'],['US $1.67'],[' 4.7'],['92 sold'],['+ Shipping: US $0.71'],['Shop5245229 Store']
"['M&M\'s Chocolate Nutella Bottle Cover for Samsung Galaxy Z Flip 6.7"" PC Hard Phone Case ZFlip 5G Black Segmented Protect Coque']",['US $2.24'],[' 4.6'],['302 sold'],['Free Shipping'],['Shop5022111 Store']
['For Vivo Y31 2021 Case Silicone Phone Cover For Vivo Y31 2021 Geometric Style Case For Vivo Y31 2021 Soft TPU Cool Fashion Coque'],['US $0.84'],[' 5.0'],['41 sold'],['+ Shipping: US $0.95'],['Shara Store']
['For Tecno Spark 6 GO Case Shockproof Soft silicone TPU Back Cover For Tecno Spark 6 Go Phone Cases Spark6 GO Case Cute Cartoon'],['US $1.26'],[' 4.7'],['415 sold'],['+ Shipping: US $1.05'],['eHong Store']
['Matte Plastic Coque Cover 5.71For Nokia 2.2 Case For Nokia 2.2 2.3 3.2 Nokia2.2 Nokia2.3 Nokia3.2 Phone Back Coque Cover Case'],['US $1.85'],[' 4.8'],['64 sold'],['Free Shipping'],['Unayee Store']
['Top Quality Leather Flip Cover For Xiaomi Redmi 4A 4X Note 4 4X 5A Mi 5X A1 Global Version Wallet Case Flower Phone Protector'],['US $3.00'],[' 4.7'],['124 sold'],['Free Shipping'],['Five Oceans Store']
['Hard Matte Phone Case Ultra Thin Back Cover For Sony Xperia 1 5 8 10 II XA2 XA1 XA Ultra Plus XZ3 XZ2 XZ1 XZS XZ Premium Compact'],['US $0.01'],[' 4.8'],['597 sold'],['Free Shipping'],['24 Hours Online Store']
['Soft Case For Realme C11 Case C 11 Cover Liquid Silicone Protector Skin TPU Phone Case For OPPO Realme C11 Coque RealmeC11 Cases'],['US $0.01'],[' 4.8'],['1429 sold'],['+ Shipping: US $0.93'],['Shop910353129 Store']
['For OPPO Realme 8 Pro Case For OPPO Realme 8 Pro Cover Armor Shockproof Soft Silicone Protective Phone Bumper For Realme 8 Pro'],['US $1.63'],[' 5.0'],['114 sold'],['+ Shipping: US $0.35'],['Wolfsay Official Store']
['For Realme 7 Case For OPPO Realme 7 Pro Cover Shockproof Soft Silicon TPU Phone Back For Realme7 7Pro Bumper bags Funda flower'],['US $1.62'],[' 4.7'],['159 sold'],['+ Shipping: US $4.21'],['Shop900250444 Store']
['Silicone Case For Nokia 5.3 Cases Shockproof Phone Case For Nokia 5.3 nokia5.3 TA-1223 TA-1227 TA-1229 TA-1234 Soft Bumper Cover'],['US $1.77'],[' 4.9'],['74 sold'],['Free Shipping'],['Shop900239493 Store']
['Silicone TPU Case For xiaomi Redmi Note 4/note 4 pro Case Cover for Redmi Note 4X/note 4x pro Phone case global version flower'],['US $1.74'],[' 4.6'],['426 sold'],[],['Shop910647053 Store']
['Luxury Retro Square Leather Phone Case Fashion Wristband Soft Silicone Case for IPhone 12 11 Pro MAX X XS XR 6S 7 8 Plus SE 2020'],['US $5.47'],[],['1 sold'],['Free Shipping'],['Keriz Online Store']
['Armor Case For Oneplus Nord Luxury Magnetic Car Plate Soft Cover For One Plus 8 8T 7 7T Pro 9 Oneplus7T PU Leather Phone Cases'],['US $0.01'],[' 4.7'],['1964 sold'],['+ Shipping: US $0.32'],['PHW 3C Store']
['Case Soft Silicon Phone Para for Asus Zenfone MAX ZC550KL ASUS_Z010DD Z010DD Z010DA Luxury TPU Protector cover Shell Black Cases'],['US $1.71'],[' 4.8'],['35 sold'],['+ Shipping: US $0.53'],['GHL1 Store']
"['For Realme C21 Case TPU Cool Cover For Realme C21 Soft Silicone Phone Case For OPPO Realme C21 C 21 6.5"" Geometric Style Fundas']",['US $1.06'],[' 4.0'],['34 sold'],['+ Shipping: US $0.79'],['Ti Ti Store']
['Realme C15 Case Silicone TPU Protective Cover Cartoon Phone Case For OPPO Realme C15 C12 Case Soft Back Cover Bumper Shell Para'],['US $1.53'],[' 4.9'],['36 sold'],['+ Shipping: US $1.31'],['Shop910418107 Store']
['Ultra-Thin Matte Silicone Phone Case For Meizu M3 M5 M5S M6 6 3 5 Note MX5 MX6 Pro 6 7 Plus 6T 15 16 16X A5 Plus M15 Soft Cover'],['US $0.01'],[' 4.8'],['803 sold'],['Free Shipping'],['Gurioo Official Store']
['shockproof armor case For realme c15 case For oppo realme c 15 c15 15c realmec15 stand magnetic car ring phone cover'],['US $1.49'],[' 5.0'],['23 sold'],['Free Shipping'],['MIZHI Official Store']
['Luxury Leather Flip Book Case for ZTE Blade V7 Lite V7 Max Rose Flower Wallet Stand Case Phone Cover Bag'],['US $3.89'],[' 4.9'],['81 sold'],['Free Shipping'],['HX7 Store']
['Phone Case for Xiaomi Redmi K40 Pro Plus coque Retro business PU leather Skin covers for redmi k40 pro case funda capa'],['US $3.49'],[' 5.0'],['3 sold'],['Free Shipping'],['Shop5064011 Store']
['For Samsung Galaxy A01 core back Case Silicon Back Cover Phone Cases For Samsung A01 core SM-A013 Soft Case 5.45 inch mobie case'],['US $1.74'],[' 4.9'],['977 sold'],['+ Shipping: US $4.21'],['Shop910647053 Store']
['Strap Cord Chain Phone Tape Necklace Lanyard Mobile  Case for Carry to Hang For SAMSUNG S8 S9 S10 Note9  A50 A70 A7 A8 A9'],['US $2.40'],[' 4.8'],['249 sold'],['+ Shipping: US $0.74'],['OMG Tech Store']
['Case For Samsung Galaxy J5 2016 J6 J4 Prime Plus J4 J6 2018 On6 J5 2017 Case Flip Leather Flower Anime Wallet Book Phone Cover'],['US $4.14'],[' 4.8'],['102 sold'],['+ Shipping: US $0.68'],['XOPIG Official Store']
['Silicon Case for Sony Xperia L1 Cases Soft TPU Back Cover for Sony L1 Case Cover Funda For Sony L1 G3311 G3312 G3313 cute flower'],['US $1.67'],[' 4.8'],['81 sold'],['+ Shipping: US $0.71'],['Shop5245229 Store']
['360 Double Silicon Phone Case For Huawei Nova 5T 7i 6 7 SE 5i Nova 4E 3E 3i 2i Mate 40 Pro Mate 30 20 Pro Full Body Clear Cover'],['US $1.86'],[' 4.9'],['26 sold'],['+ Shipping: US $0.74'],['Shop5711033 Store']
"['Simple Case For Vivo Y11 2019 Case 6.35"" Shockproof Silicon Phone Cover Back Coque For Vivo Y11 (2019) 1906 VIVOY11 Cases Fundas']",['US $1.12'],[' 4.7'],['341 sold'],['+ Shipping: US $0.93'],['MXLIN Global Store']
['Leather Phone Bags Card Slot Wallet Flip Case For Samsung Galaxy S10E S10 S9 Plus S8 S7 S6 S5 A3 2016 A310 A510 A520 Back Cover'],['US $0.01'],[' 4.7'],['763 sold'],['Free Shipping'],['LuckyGuy Store']
['Luxury Flip Leather Wallet Case For LeEco Le TV 2 LeTV 2 Pro LE2 S3 X520 X526 X527 X620 X622 X626 X 626 Cover Coque Phone Bag'],['US $3.73'],[' 4.9'],['150 sold'],['+ Shipping: US $1.32'],['BISHCVER Factory Store']
['Leather Flip Case For Huawei Honor 9A 9C 8A 8 9 10 20 30 Lite Pro 7X 8X 30S Phone Cover Wallet Painted Book Funda'],['US $0.01'],[' 4.8'],['4272 sold'],['+ Shipping: US $0.22'],['YiKELO Store']
['Redmi 8A Ultra-thin clear Case for Redmi8A Transparent Soft silicone TPU Phone Case Cover shell For Redmi 8A 8 A Clear Case'],['US $1.32'],[' 4.8'],['153 sold'],['Free Shipping'],['Shop5875525 Store']
['Arm band Case for Running Phone Holder Bracelet for Redmi Note 8 9 7 6 5 Pro 9s Xiaomi Mi Note 10 Pro 9 9T A3 Arm band Case Bag'],['US $2.65'],[' 4.5'],['158 sold'],['Free Shipping'],['Shop5879503 Store']
['silicon TPU Case For xiaomi Redmi Note 3 Case Cover for Redmi Note 3 pro Phone case 150MM length'],['US $1.85'],[' 5.0'],['57 sold'],['+ Shipping: US $4.21'],['Shop911066038 Store']
['Case For Samsung Galaxy M20 Phone Case silicon Soft TPU cute Back Funda Samsung M20 Cover for Samsung Galaxy M20 M 20 M205F Case'],['US $1.23'],[' 4.7'],['41 sold'],['+ Shipping: US $0.84'],['Digital pig Store']
['Shockproof Armor Case For Xiaomi Mi 8 Lite Mi8 SE Cases Stand Holder Magnetic Car Ring Phone Back Cover For Xiaomi Mi 8 Pro Mi8'],['US $3.59'],[' 4.9'],['471 sold'],['Free Shipping'],['TOLIFEEL Official Store']
['TOLIFEEL For Huawei P9 Lite Case Silicone Cover Slim Transparent Phone Protection Soft Shell For Huawei P9 Lite 2016 Back Capa'],['US $1.59'],[' 4.9'],['90 sold'],['+ Shipping: US $0.58'],['TOLIFEEL Official Store']
['For Realme C21 Case Luxury Animal Phone Case Cover For OPPO Realme C21 C 21 Case Silicone TPU Protective Fundas For Realme C20'],['US $1.55'],[' 5.0'],['20 sold'],['Free Shipping'],['AGAOS Store']
"[""For Moto E6 Play Case Phone Cover Soft Silicone Back Cases For Motorola Moto E6 Play Case TPU Bumper E6Play XT2029 Capa 5.5''""]",['US $1.27'],[' 5.0'],['58 sold'],['+ Shipping: US $0.67'],['WALWORTHS Store']
['Silicone Case For Xiaomi Mi 8 Lite Case Soft TPU Phone Case For Xiaomi Mi 8 SE Lite TPU For Xiaomi Mi 8 Pro Mi8 Explorer Cases'],['US $1.86'],[' 4.8'],['478 sold'],['Free Shipping'],['Shop5706089 Store']
"['Case on Honor 8C Case For Huawei Honor 8C 8 C Shockproof Protective Phone Case For Huawei Honor 8C TPU Silicone Cover Case 6.26""']",['US $1.06'],[' 4.9'],['70 sold'],['+ Shipping: US $0.79'],['Ti Ti Store']
['For Samsung Galaxy M11 Case Silicone TPU Soft Back Cover Phone Case For Samsung M11 M115F M 11 6.4 inch Case Fundas'],['US $0.94'],[' 4.8'],['375 sold'],['+ Shipping: US $0.79'],['adlucky Official Store']
['Relive Stress Pop Fidget Toys Push It Bubble Silicone Phone Case For Iphone 6 6s 7 8 Plus X XR XS 11 12 Pro Max Soft Cover'],['US $2.87'],[' 4.7'],['2655 sold'],['Free Shipping'],['Earphone VB Store']
['For Samsung Galaxy J4 2018 Case Soft Silicone Phone Case For Samsung J4 Plus 2018 J415F SM-J415F Galaxy J4 J400 Back Cover Coque'],['US $1.86'],[' 4.7'],['474 sold'],['Free Shipping'],['Shop5706089 Store']
['For Redmi 9C NFC Case Soft Silicone Back Cover Case on For Xiaomi Redmi 9C 9 C NFC Phone Back Cover Redmi 9C NFC 2020'],['US $0.01'],[' 4.7'],['1513 sold'],['+ Shipping: US $1.04'],['FRUITWORLD Official Store']
['YNDFCNB Afghan Afghanistan Flag Phone Case for iPhone 11 12 pro XS MAX 8 7 6 6S Plus X 5S SE 2020 XR case'],['US $1.67'],[' 5.0'],['35 sold'],['+ Shipping: US $0.40'],['YY118 Store']
['TOPLBPCS Hot game battle royale fire FN SOFT Silicone Black Phone Case for Samsung S6 S10 5G S7 EDGE S8 S9 S10 S20 PLUS S10Lite'],['US $2.09'],[' 4.8'],['234 sold'],['+ Shipping: US $0.40'],['TOPLB103 Store']
['B For ZTE Blade A3 2019 Case Cute Silicone TPU Soft Phone Cover for ZTE Blade L8 Case Back Cover Bumper Capas Fundas'],['US $1.51'],[' 4.7'],['72 sold'],['+ Shipping: US $1.04'],['hellonihao Official Store']
['For Xiaomi Redmi 4X Case on Phone Case Xiaomi Redmi 4x Silicon Case For Funda Xiomi Xiaomi Redmi 4X x4 4 x Soft TPU Cover Bumper'],['US $1.86'],[' 4.7'],['1128 sold'],['Free Shipping'],['Shop5706089 Store']
['Huawei P40 Pro Case Huawei P30 Pro lite Fundas na for Huawei P40 Lite E P30 Pro Cases Cartoon Magnetic Wallet Flip Leather Cover'],['US $3.97'],[' 4.6'],['87 sold'],['Free Shipping'],['KL-Case 001 Store']
['Phone Bags & Cases For HTC Desire 526G 530 630 620 626 626S 626G 628 700 700D Case Cover fashion marble Inkjet Painted Shell Bag'],['US $1.08'],[' 4.6'],['60 sold'],['+ Shipping: US $0.36'],['LongHong Store']
['cover phone case for huawei honor 8 soft tpu silicon back cover 360 full protective printing clear coque'],['US $0.01'],[' 4.9'],['412 sold'],['+ Shipping: US $4.21'],['Shop910647053 Store']
['For BQ 6040L Magic Case Luxury TPU Silicone Cases for BQ-6040L Magic Phone Back Cover for BQS 6040L Magic Funda Coque'],['US $0.01'],[' 4.6'],['432 sold'],['Free Shipping'],['MZSLQS Store']
['Case For Alcatel 1 5033D 5033 5033A 5033Y 5033X 5.0 inch Cover Soft Silicone Thin TPU Back Shell Cover For Alcatel 1 Phone Cases'],['US $1.89'],[' 4.6'],['94 sold'],['+ Shipping: US $1.04'],['BEBIRDCASE Official Store']
['Silicon Phone Case For Xiaomi Redmi 4 pro Case Soft TPU Back Cover For Redmi 4 prime Painting 360 full protective coque bumper'],['US $1.79'],[' 4.8'],['306 sold'],['+ Shipping: US $3.62'],['SIKEOU Factory Store']
['Honor 9 Case For Huawei Honor 9 Lite Silicone Soft  TPU Back Cover on Huawei Honor 9 Matte Phone Case on Honor9 Lite Bumper Cute'],['US $0.94'],[' 4.8'],['42 sold'],['+ Shipping: US $0.79'],['adlucky Official Store']
"[""Phone Cases For Oppo A15 Case CPH2185 Flower Soft TPU Back Cover For Oppo A15S A15 S OppoA15 Case 6.52'' Shockproof Funda Bumper""]",['US $0.01'],[' 4.8'],['238 sold'],['+ Shipping: US $0.93'],['KU Store']
['Leather flip case For huawei nova 5T p30 Pro p20 lite wallet stand phone cover on honor 10 light honer 20 10i P smart 2019 coque'],['US $2.99'],[' 4.8'],['409 sold'],['Free Shipping'],['Factory Whosale Store']
['Phone Protective Shell For Blackview Bv4900 Case Coque Soft Shockproof Back Cover For Blackview Bv4900 Bv 4900 Pro Funda Capa'],['US $2.53'],[' 4.9'],['85 sold'],['+ Shipping: US $0.79'],['WEST TECH Store']
['Holder Magnetic Case For Vivo V17 Neo Case Durable Metal Phone Finger Ring Stand Cover For Vivo iQOO Neo Case Vivo iQOO Neo'],['US $2.90'],[' 4.7'],['64 sold'],['+ Shipping: US $0.35'],['Wolfrule Mobile Phone Accessies Store']
['For Xiaomi Mi 6 Mi6 Case Silicone Cover Anti-Knock Hard PC Robot Armor Slim Phone Back Cases For Xiaomi 6 Mi 6 Capa'],['US $3.39'],[' 4.9'],['95 sold'],['Free Shipping'],['TOLIFEEL Official Store']
['Case For OPPO A3S CPH1803 CPH1805 Silicone Soft TPU Case For OPPO A5 A 5 CPH1809 Case For OPPO AX5 Cartoon Bumper Shell Cover'],['US $1.53'],[' 4.7'],['64 sold'],['+ Shipping: US $1.31'],['Shop910418107 Store']
['For Tecno Spark 6 Go Case Cartoon Painted Soft Silicone Cover For Tecno Spark 6 Air Phone Cases Spark6 Air Spark 6 Pro Fundas'],['US $1.24'],[' 4.9'],['51 sold'],[],['eHong Store']
['for Huawei Y6 2019 Case Cover Soft Silicone TPU Back Cover For Fundas Huawei Y6 2019 MRD-LX1 MRD-LX1F Phone Case'],['US $1.26'],[' 5.0'],['30 sold'],['Free Shipping'],['MZSLQS Store']
['Phone Bags & Cases For HTC Desire 20 Pro 20 Plus 2020 6.5 inch Case Cover Fashion marble Inkjet Painted Shell Bag'],['US $1.79'],[' 5.0'],['29 sold'],['+ Shipping: US $0.36'],['LongHong Store']
"['Phone Case For Alcatel 1B 2020 5002D Case 5.5"" TPU Protective Silicone Cover For Alcatel 1A 2020 Case Soft Black Bumper Capa']",['US $1.51'],[' 4.9'],['357 sold'],['+ Shipping: US $1.04'],['FRUITWORLD Official Store']
['Silicone Car Magnetic Holder Case For Huawei P40 Pro P20 P30 Lite Light Hauwei Huawey P 40 30 20 Leather Soft Phone Cover Coque'],['US $2.99'],[' 4.8'],['178 sold'],['Free Shipping'],['Factory Whosale Store']
['Liquid Silicone Solid Plain Phone Case Soft Slim Full Protection Back Cover For Meizu 18 17 16s Pro 16T 16Xs 16 X 16th Plus'],['US $1.75'],[' 4.9'],['155 sold'],['Free Shipping'],['24 Hours Online Store']
['Redmi 9c Case Deer Cloth Phone Case For Xiaomi Redmi 9c 9 c c9 Xiomi Redmy Redmi9c Soft Silicone Frame Phone Cover Coque'],['US $1.89'],[' 4.9'],['50 sold'],['+ Shipping: US $0.82'],['MEIZHI Official Store']
['For Xiaomi Redmi 9T Case Silicon Soft Tpu Back For Redmi 9T Phone Cover 6.53 inch global bumper shockproof protective Etui Funda'],['US $1.77'],[' 4.8'],['23 sold'],['+ Shipping: US $4.03'],['Shop5056254 Store']
['For Lenovo K12 Pro Case Cover Soft Silicone Anti-knock Bumper Matte Back Cover Music Lemon K12 Pro Phone Case For Lenovo K12 Pro'],['US $2.55'],[' 4.5'],['31 sold'],['+ Shipping: US $0.35'],['HATOLY Speciality Store']
['For Samsung Galaxy A01 Core Case Back Cover Soft Silicone TPU Phone Cases for Samsung A01 Core A 01 A01Core Case Coque Bumper'],['US $0.01'],[' 4.7'],['617 sold'],['+ Shipping: US $1.04'],['FRUITWORLD Official Store']
['Flip Phone Case for Lenovo A2010 A5000 Wallet Leather Case Lenovo A536 859 K5 K8 K6 Note Vibe P1m P2 S1 P780 70 K80 Cover'],['US $1.92'],[' 4.8'],['136 sold'],['+ Shipping: US $0.89'],['Gftbiik Official Store']
['For Cover Nokia 5.4 Case For Nokia 5.4 TPU Bumper Carbon Fiber Phone Case For Nokia 2.3 2.4 5.3 6.2 7.2 8.3 3.4 1.4 5.4 Fundas'],['US $1.63'],[' 4.8'],['97 sold'],['+ Shipping: US $0.35'],['LDCRE Global Store']
['For Sony Xperia 5 II Case Silicon Back Cover Phone Case For Sony Xperia 5II 5 II SO-52A Soft Case Xperia5II coque bumper Bag'],['US $0.91'],[' 5.0'],['25 sold'],['+ Shipping: US $1.05'],['eHong Store']
['Flip Leather Case on for Fundas Xiaomi Mi Play case sFor Mi Play Coque Xiaomi Mi Play cases Book Wallet Cover Mobile Phone Bag'],['US $3.66'],[' 4.7'],['247 sold'],['Free Shipping'],['Shenzhen SmallTimes Store']
['For Samsung Galaxy A3 2015 Back Case Soft Silicone Cover For Samsung A3 2015 Slim Floral Pattern For A3 A300 A300F A300FU Coque'],['US $1.51'],[' 4.6'],['110 sold'],['+ Shipping: US $1.04'],['WNZBB Official Store']
['Case For Samsung Galaxy A02s Case For Samsung A02s A02 S A 02S Silicone Back Cover For Samsung A02s Cute Case Bumper Bags 6.5'],['US $1.06'],[' 4.8'],['92 sold'],['+ Shipping: US $0.79'],['Ti Ti Store']
['silicon case for huawei honor V10 VIEW 10 soft tpu back phone cover for huawei honor 10 VIEW 10 Etui protective printing coque'],['US $1.74'],[' 4.8'],['899 sold'],['+ Shipping: US $4.21'],['Shop910647053 Store']
['For Samsung Galaxy A6 2018 Case Silicone Transparent Back Phone Cover For Samsung Galaxy A6 Plus 2018 Soft Case 6.0 Coque Bumper'],['US $1.89'],[' 4.5'],['253 sold'],['+ Shipping: US $1.04'],['TYILNP Official Store']
"['Flip leather case on For Huawei Honor 8S Case Cover 5.71"" back phone case For Huawei Honor 8S 8 S KSE-LX9 KSE LX9 Honor8S Cover']",['US $3.71'],[' 4.9'],['62 sold'],['+ Shipping: US $2.95'],['kaverme OfficalFlag Store']
['TPU Case For Huawei Honor 8X Cases Silicon Fashion Pattern Coque For Huawei honor8X Huawei honor8C 8S Shell Painted Phone Bumper'],['US $0.95'],[' 4.5'],['44 sold'],['Free Shipping'],['WEE 3C Products Store']
['for Huawei Mate 9 Case phone back Cover Huawei Mate 9 pro Silicon on huawei Mate 9 pro Coque Funda Skin shockproof marble flower'],['US $1.61'],[' 4.9'],['45 sold'],[],['Shop900244053 Store']
"[""For Huawei Y3 2017 Case Soft touch Silicone Huawei Y3 2017 Transparent Back Cover 5.0'' TPU Y 3 2017 Phone back Cases animal cat""]",['US $1.61'],[' 4.8'],['33 sold'],['+ Shipping: US $4.21'],['Shop900244053 Store']
['For BQ 6042L Magic E Case Rose Wolf Cute Patterned Cover Soft Silicon Phone Case for BQ Magic E BQ6042L'],['US $1.81'],[' 4.7'],['68 sold'],['+ Shipping: US $0.89'],['Case-Mall']
['silicon case For Samsung Galaxy A5 2016 Case soft tpu back Cover A510F A510 Phone Back Protective FOR Capa Samsung A5 2016 Case'],['US $1.74'],[' 4.7'],['237 sold'],['+ Shipping: US $4.21'],['Shop910647053 Store']
['For Tecno Camon 15 Case TPU Case For Tecno Camon 15 Protective Cover on Camon 15 Silicone Soft Phone Case For Tecno Camon 15 Fox'],['US $0.87'],[' 4.6'],['62 sold'],['+ Shipping: US $0.79'],['WEICASE Store']
['For Honor 20e Case for Huawei Honor 20e 30i 9C 9S Cover Phone Shell Coque Funda Capa Soft Style Rubber Silicone TPU Phone Case'],['US $1.63'],[' 4.9'],['211 sold'],['+ Shipping: US $0.35'],['HATOLY Official Store']
['Poco X3 Leather Case on For Fundas Xiaomi Poco X3 Case Magnetic Flip Cover sFor Xiaomi POCO X 3 X3 NFC M3 Phone Case Cover Etui'],['US $3.51'],[' 4.7'],['484 sold'],['Free Shipping'],['Boutiques-Cases Store']
['Soft Silicon TPU Cover For Samsung Galaxy S5 Case phone Cover For Samsung S5 Neo Case Capa For Samsung S5 i9600 SM-G900F'],['US $1.74'],[' 5.0'],['56 sold'],['+ Shipping: US $4.21'],['Shop910647053 Store']
['Phone Case For Nokia 3.1 Plus Case Cover Cute Cartoon Silicone Soft Back Cover Nokia3.1 For Nokia 3.1 Plus 2018 Case Bag'],['US $1.74'],[' 4.9'],['36 sold'],['+ Shipping: US $4.21'],['Shop910647053 Store']
['cover phone case for huawei honor 8 lite soft tpu silicon back cover 360 full for honor 8 liteprotective printing clear coque'],['US $1.74'],[' 4.8'],['481 sold'],['+ Shipping: US $4.21'],['Shop910647053 Store']
['case for realme c21 cover 3in1 camera lens protective glass for realme c 21 21c realmy c21 transparent silicon phone cover coque'],['US $0.01'],[' 4.8'],['327 sold'],['Free Shipping'],['MIZHI Official Store']
['Gradient Crossbody Phone Case For Samsung Galaxy Note8 Note9 Note10 S8 S9 S10 S20 PLUS S20 ULTRA S10E S7 EDGE Strap Cord Cover'],['US $3.10'],[' 4.7'],['271 sold'],['+ Shipping: US $0.47'],['ISIT Store']
['Phone Case For Meizu M6 Note Case M721H Printing Cute Pattern Soft Silicon Painted TPU Cover For Meizu M6 Note M 6 Cases Cover'],['US $1.53'],[' 4.8'],['149 sold'],['+ Shipping: US $1.31'],['Shop910418107 Store']
['For Samsung Galaxy S7 edge Case Silicon Soft TPU Back Phone Cover For Samsung S7 G930F G930FD G930W8 Protective Coque Bumper'],['US $1.61'],[' 4.6'],['68 sold'],['+ Shipping: US $4.21'],['Shop5876383 Store']
['Soft Black Cover Mickey Minne Have Fun For Samsung Galaxy S21 S20 FE Ultra S10 S10e Lite S9 S8 S7 Edge Plus Phone Case'],['US $4.04'],[' 5.0'],['82 sold'],['Free Shipping'],['Shop910566340 Store']
['cover phone case for huawei P10 LITE Plus 2017 oft tpu silicon back cover 360 full protective printing transparent coque'],['US $1.74'],[' 4.8'],['81 sold'],['+ Shipping: US $4.21'],['Shop910647053 Store']
['Back Cover Original Phone Case For Itel A16/A16 Plus New Cartoon Shockproof TPU Waterproof Cute'],['US $1.52'],[' 4.8'],['127 sold'],['+ Shipping: US $0.81'],['Myding 3C Store']
['For Samsung S21 5G Case TPU Soft Space Phone Cover for Samsung Galaxy S21 Ultra / S21 Plus Case silicone S21Plus S 21 5G Fundas'],['US $1.27'],[' 5.0'],['28 sold'],['+ Shipping: US $0.67'],['WALWORTHS Store']
['Luxury Tempered glass Case For Huawei P20 P30 P40 Lite Pro Mate 10 20 30 Honor 20i Nova 5t 7i Mobile Phone Cover Gradient Colors'],['US $2.74'],[' 4.9'],['308 sold'],['Free Shipping'],['SIXEVE Officialflagship Store']
['For Moto E7 Plus Case Marble Soft Silicone Back Case for Motorola Moto E7 Plus Phone Cover for Motorola E7 Plus E7Plus E 7+ Capa'],['US $1.27'],[' 5.0'],['54 sold'],['+ Shipping: US $1.05'],['eHong Store']
['Case For Huawei Honor 8S 8S 2020 Panda Silicone Soft TPU Phone Cover For Huawei Y5 2019 Back Cover Protective Case Bumper 5.71'],['US $0.94'],[' 5.0'],['117 sold'],['+ Shipping: US $0.79'],['adlucky Official Store']
['A7 2018 Case For Samsung A7 2018 Case Leather Vintage Phone Case On Samsung Galaxy A7 2018 Case Flip Wallet Cover A7 2018 Hoesje'],['US $4.74'],[' 4.9'],['185 sold'],['Free Shipping'],['LC.IMEEKE PhoneCase Store']
['For Huawei Honor 9X Case Cover Bumper On For Huawei Honor 9X Honor9X X9 9 X TPU Soft Silicone Back Cover Case For Honor 9X Coque'],['US $0.83'],[' 4.1'],['49 sold'],['Free Shipping'],['yong xin dian zi shang wu Store']
['Silicone Case For Samsung Galaxy S4 i9500 Cases soft TPU Cover For Samsung S4 Phone shell  For S4 cat'],['US $1.26'],[' 4.8'],['53 sold'],['Free Shipping'],['MZSLQS Store']
"['Honor 5C Case 5.2"" NO Fingerprint TPU Silicone Phone Case For Huawei Honor 5C 5 C Back Protective Cover Honor 5C Euro Version']",['US $1.67'],[' 4.9'],['259 sold'],['Free Shipping'],['MZSLQS Store']
['cover phone case for huawei honor 4C soft tpu silicon transparent back cover 360 full protective printing clear coque'],['US $1.74'],[' 4.7'],['119 sold'],['+ Shipping: US $4.21'],['Shop910647053 Store']
['Japan Anime Marker Black Phone Case for Huawei P40 P30 P20 Mate 30 20 10 Pro P10 Lite P Smart Z + 2019 Gift Coque Cover Capa'],['US $1.71'],[' 4.3'],['108 sold'],['+ Shipping: US $0.53'],['Unique Phone Accessories Store']
['transparent phone case for huawei Y7 Y6 Y5 Y9 2019 NOVA 5 5pro 4 3 3i 2s 5i lanyard shoulder strap rope cord case cover coque'],['US $2.97'],[' 4.6'],['294 sold'],['Free Shipping'],['CaseLove Store']
['For OPPO Realme C21 Case For Realme C21 C17 C11 8 Pro Cover Shockproof Soft Silicone TPU Protective Phone Bumper For Realme C21'],['US $1.63'],[' 5.0'],['39 sold'],['+ Shipping: US $0.35'],['Wolfsay Official Store']
['For OPPO Realme C21 Case COOL Black series Soft Silicone Cover For OPPO Realme C21 Phone Cases Protective Realmi C 21 2021 Capa'],['US $1.39'],[' 5.0'],['94 sold'],['+ Shipping: US $1.05'],"['Karen Co.,Ltd']"
['Redmi 9A Case For Xiaomi Redmi 9A Case Silicone Back Cover For Redmi 9A TPU Soft Phone Case on Redmi 9A 9 A Cool eagle Bumper'],['US $1.05'],[' 4.9'],['244 sold'],['+ Shipping: US $0.79'],['roukca Official Store']
['For Funda Lenovo Vibe S1 S 1 S1 Case Soft Silicon TPU Back Cover 3D Cute Skim For Lenovo Vibe S1 A40 C50 S1A40 S1C50 Phone Cases'],['US $1.89'],[' 4.6'],['48 sold'],['+ Shipping: US $1.04'],['BEBIRDCASE Official Store']
['For Samsung Samsun Galaxy Note 9 8 Note8 Leather Flip Book Wallet Stand Phone Case Etui Caso Cover For S9 S8 S 9 Plus Coque'],['US $4.74'],[' 4.8'],['692 sold'],['Free Shipping'],['Gussim Store']
['For Vivo Nex Case Cover Luxury Liquid Silicone Soft TPU Shockproof Bumper Cover For Vivo Nex A Protective Case For Vivo Nex S'],['US $1.95'],[' 5.0'],['43 sold'],['+ Shipping: US $0.35'],['HATOLY Speciality Store']
['Crossbody Lanyard transparent phone case for LG K41S K61 K50S K40S K20 2019 K30 K50 K40 K11 K9 K8 K4 K10 strap tpu case cover'],['US $2.97'],[' 4.7'],['289 sold'],['Free Shipping'],['CaseLove Store']
['Phone Case For OPPO Realme Reno A93 F17 K3 A53S A32 A53 C15 C11 X A92S 4Z 5 C3 5I 5G Anti Fall With Glass Film 360 Degree Cover'],['US $1.64'],[' 4.5'],['24 sold'],['Free Shipping'],['YMG-1995 Store']
['Painted Leather Flip Phone Case For Huawei Y5 Y6 2017 Y7 Y9 2018 2019 Y5P Y6P Y7P Flower Wallet Card Holder Stand Book Cover'],['US $1.61'],[' 4.8'],['301 sold'],['+ Shipping: US $0.22'],['YiKELO Store']
['Boston Hockey Team Bruins Phone Case Cover For Iphone 6 7 8 11 12 5S 6S X Xr XS Se Plus Pro Max Mini 2020 Black Trend Back Tpu'],['US $1.61'],[' 5.0'],['31 sold'],['+ Shipping: US $1.39'],['Shop911234034 Store']
['J&R Case For BQ 5016G Choice Soft Silicone Case For BQ Choice 5016G BQ5016G 5.0 inch Colorful Printing Cover Coque Funda'],['US $2.07'],[' 5.0'],['85 sold'],['+ Shipping: US $0.86'],['J&R official store']
['For Realme 8 Pro Case Silicon Back Cover Phone Case For Realme 8 Soft Case for realme8 pro Realme 8 5G coque bumper Shell bag 5g'],['US $1.19'],[' 5.0'],['24 sold'],['+ Shipping: US $0.58'],['szsxjtkj Store']
['Honor 30 Case Slim Matte Silicon Cover For Huawei Honor30 Pro Plus EBG-AN10 Phone Cover Bumper Case For Honor 30 Pro+ Plus Coque'],['US $1.51'],[' 4.5'],['76 sold'],['+ Shipping: US $0.93'],['Shop910353129 Store']
['Flip Leather Wallet Case For Huawei Honor 6C Enjoy 6S Honor 6X 6A pro 6 5X 5C 4X 4C 4A 4  3C Lite Play Wallet Phone Cover'],['US $3.68'],[' 4.8'],['122 sold'],['+ Shipping: US $1.32'],['FEFGSHGH Official Store']
"['Fundas Case On Samsung A32 2021 Cases,Transparent Phone Case + Glass For Samsung A 32 A72 A52 Galaxy A32 A71 A51 360 Bumper Airbag ShockProof Protective Cover For Samsung Galaxy A32 4G/5G Silicone Case']",['US $1.92'],[' 4.9'],['84 sold'],['Free Shipping'],['Allorus Store']
['back Case For xiaomi Mi Note 3 phone Covers For xiaomi Mi Note 3 TPU silicon Shell For xiaomi Mi Note3 printing protective coque'],['US $1.62'],[' 4.8'],['136 sold'],['+ Shipping: US $4.21'],['Shop900250444 Store']
['For OPPO RX17 Neo Case Silicone Flower Soft Phone Cases For OPPO RX17 Neo CPH1893 Case TPU Fundas for RX17Neo RX 17 Neo Cover'],['US $1.99'],[' 4.6'],['33 sold'],['+ Shipping: US $1.05'],['AGAOS Store']
['Case For Nexus 6P Soft Silicone TPU Fashion Pattern Painted Back Cover For Google Huawei Nexus 6P  Case'],['US $1.39'],[' 5.0'],['52 sold'],['+ Shipping: US $0.63'],['Shop5058015 Store']
['For OPPO F5 F7 F9 Pro Case Fashion Slim TPU Cases For OPPO F5 Youth Silicone Cover Coque for OPPO f 5 f7 f9 F 9 Soft Phone Cases'],['US $1.12'],[' 5.0'],['38 sold'],['+ Shipping: US $0.93'],['Shop910353129 Store']
['HOTCASHOP marvel heroes Phone Case For Samsung Galaxy A21S A01 A11 A31 A81 A10 A20E A30 A40 A50 A70 A80 A71 A51'],['US $2.09'],[' 4.8'],['287 sold'],['+ Shipping: US $0.96'],['Shop911042070 Store']
['Flip Leather Case on For Xiaomi Redmi 8A 8 A Case back cover phone Case on For Xiaomi Redmi 8 8A'],['US $3.71'],[' 4.9'],['118 sold'],['+ Shipping: US $2.63'],['kaverme Store']
['Cover For Letv 2 LeEco Le2 X527 X526 x520 Le 2 Pro X620 Case For LeEco Le S3 X522 X626 Flip Leather Silicone Cover With Holder'],['US $3.86'],[' 4.6'],['38 sold'],['Free Shipping'],['GHL2 Store']
['For LG Q6 Alpha Q6A M700 Q7 case Carbon Fiber Soft TPU Drawing Phone Case Back Cover For LG Q6 Q7 Slim Armor Soft Silicone Bag'],['US $2.65'],[' 4.8'],['140 sold'],['Free Shipping'],['LFW Communication Store']
['Case for Xiaomi Mi Play Cover Silicone cover for MiPlay Case Pattern Cat Coque Bag on Xiaomi Mi Play Phone Cases bumper cute'],['US $1.74'],[' 4.9'],['45 sold'],['+ Shipping: US $4.21'],['Shop910647053 Store']
"['DEXP A350 MIX Case 5"" 6 Colors Flip Fashion Soft Leather Crazy Horse Exclusive Phone Cover Cases Wallet']",['US $4.59'],[' 4.8'],['20 sold'],['Free Shipping'],"['ShenZhen OYO Technology Co., Ltd.']"
['Leather Cover For Xiaomi Redmi 9T Case Flip Phone Protective Shell Funda On Redmi 9T 9 T Case  Hoesje Etui Book Capa Coque Bag'],['US $4.09'],[' 4.8'],['265 sold'],['Free Shipping'],['TongGuDeng 3C Store']
"[""For On Samsung Galaxy A32 4G A325 A325F SM-A325F 6.4'' Wallet Stand Flip Leatehr Case For Samsung A32 4G Case Phone Cover""]",['US $3.28'],[],['23 sold'],['Free Shipping'],['FULOTIGO Factory Store']
['Luxury Leather Flip Book Case for Nokia 230 / 230 Dual SIM Rose Flower Wallet Stand Case Phone Cover Bag coque'],['US $3.89'],[' 4.9'],['124 sold'],['Free Shipping'],['HX7 Store']
['For Vivo V15 Case 1818 1819 Soft Silicon TPU Candy Back Cover Phone Case For Vivo V15 Coque Vivo V15 Pro Full Cover Funda Bumper'],['US $1.49'],[' 4.4'],['38 sold'],['+ Shipping: US $0.93'],['KU Store']
['Indie Latte Love Coffee Heart Phone Case for Apple iPhone 11 12 Pro Max 7 Plus 8+ 6 6S X XS XR SE 2020 Funda 11 Back Cover Coque'],['US $1.49'],[' 4.6'],['69 sold'],['+ Shipping: US $0.89'],['SSKK Store']
['A52 Etui on For Samsung A52 5G A526 SM-A526B Case Wallet Magnetic Leather Cover na For Galaxy A 52 A525F Flip Phone Coque'],['US $3.35'],[' 5.0'],['32 sold'],['+ Shipping: US $0.16'],['Shop5973375 Store']
['Phone case on  For Huawei p30 lite pro mirror 30p p30lite p30pro p 30 light cover bumper coque huawey hauwei huawai huavei huwei'],['US $3.84'],[' 4.7'],['161 sold'],['Free Shipping'],['caiy shi Store']
['Leather Phone Bag Card Slot Wallet Flip Cases For Sony Xperia 10 L2 L3 X F5122 XA F3111 XA1 Plus XA2 Plus Back Cover Phone Bags'],['US $1.98'],[' 4.9'],['116 sold'],['Free Shipping'],['LuckyGuy Store']
"['ZTE Blade A3 2020 Case 5.45"" Flip Fashion Soft Leather Crazy Horse Exclusive Phone Blade A 3 2020 Cover Cases Funda Coque Wallet']",['US $3.29'],[' 4.5'],['150 sold'],['Free Shipping'],"['ShenZhen OYO Technology Co., Ltd.']"
['Case For Realme C21 Cover Flip Phone Protective Shell Stand Wallet Leather Book On For Realme C 21 Case Etui Hoesje Funda Bag'],['US $4.14'],[' 4.7'],['156 sold'],['Free Shipping'],['TongGuDeng 3C Store']
['Slim Wallet Case For Samsung Galaxy J1 2016 J120 J120F J120H J120M Phone Sleeve Bag Flip Cover With Card Holder Business Purse'],['US $2.58'],[' 4.7'],['703 sold'],['Free Shipping'],['Hotntu Store']
['Pu Leather Case For Huawei Nova Lite 2017 Flip Cover For Huawei Nova Lite 2017 SLA-L22 Case Luxury Wallet Cover Coque'],['US $3.73'],[' 4.7'],['21 sold'],['+ Shipping: US $1.32'],['FEFGSHGH 3C Digital Store']
['Luxury Shockproof Clear Case for OPPO Realme C20 17 7i Reno 5 A15 V15 5G F17 A73 4SE Pro Transparent Phone Cover Anti Fall Shell'],['US $2.45'],[' 4.0'],['26 sold'],['Free Shipping'],['Shop911413119 Store']
"['For Meizu M8 5.7"" Case Silicone Cute Cartoon  Pattern Soft TPU Protect Back Cover For Meizu M8 Coque Phone Bumper']",['US $1.26'],[' 4.6'],['29 sold'],['Free Shipping'],['MZSLQS Store']
['For OPPO Reno5 Lite Case Ring Holder Armor Bumper Hard PC & Soft TPU Capa For OPPO Reno 5 F Coques'],['US $2.80'],[' 5.0'],['31 sold'],[],['X Official Store']
['For Samsung Galaxy Note 3 Back Ring Holder Bracket Phone Case Cover TPU Soft Silicone On N9000 N9005 N9002 SM-N900 N9008 N9007'],['US $1.75'],[' 4.6'],['51 sold'],['+ Shipping: US $0.74'],['Kkwxhl RT Ilya Store']
['For Alcatel 1B 2020 5002D Case Flip Wallet Leather Silicone Protective Phone Back Cover for Alcatel 1A 2020 5002F 5002 D F 5002H'],['US $4.12'],[' 4.9'],['56 sold'],['+ Shipping: US $1.74'],['UERSON Store']
['For Huawei P Smart 2021 Case Magnetic Ring Holder Soft Silicone Back Cover for P Smart 2021 Phone Case Anti-fall'],['US $3.27'],[' 4.9'],['136 sold'],[],['X Official Store']
['Hybrid Phone Case For Infinix Hot 9 Hot9 Play Hard Stand Holder Ring Cover For Infinix Note 7 Note7 Lite Infinix Smart 4 fundas'],['US $3.23'],[' 4.5'],['56 sold'],['+ Shipping: US $0.58'],['Mooshion Experience Store']
['Armor Case For Samsung A01 A02 Shockproof Bumper Silicone Phone Back Cover for Galaxy A02S M02S M02 M01 Core'],['US $2.99'],[' 4.9'],['65 sold'],['Free Shipping'],['Tsimak 3C Store']
['Soft Liquid Silicone Case For Huawei Mate 30 Pro 20 10 Lite 9 Pro Luxury Cover For Huawei Y92019'],['US $2.21'],[' 4.7'],['158 sold'],['Free Shipping'],['Phone&Tablet Accessories Store']
['case For Motorola Moto G7 G6 G5 G4 G3 E4 E5 E6 G5S Z Z2 Z3 C Plus Power Play One Vision X4 case 360 Full Leather Cover Wallet'],['US $2.53'],[' 4.7'],['294 sold'],['Free Shipping'],['Integrity factory Store']
['360 Flip Phone Case on For Huawei Honor 10 Lite 20 Light 20 Pro 8X Smart Window Back Cover For Hauwei P30 Lite Hawei P 30 Pro 3D'],['US $4.12'],[' 4.5'],['95 sold'],['Free Shipping'],['Awesome Digital Accessories Store']
['Original Smart View Case For Huawei P10 Plus P10+ Auto Sleep Wake Up Flip Cover Phone Case For Huawei P10 Pro P10Pro Fundas Capa'],['US $3.29'],[' 4.7'],['36 sold'],['Free Shipping'],['Newlanfin Accessory Store']
['Mi 10T Pro Case Xiaomi 10T Silky Soft-Touch Liquid Silicone Phone Cover Full Protective Shell For Mi 10T 10TPro 5G With Logo'],['US $4.29'],[' 4.8'],['617 sold'],['Free Shipping'],['DENNA Store']
['Smart Mirror Flip Phone Case For Samsung Galaxy S9 S8 S7 S6 Edge Plus A3 A5 A7 J3 J5 J7 2017 Clear View Cover J6 A6 A8 Case'],['US $6.12'],[' 4.3'],['46 sold'],['Free Shipping'],['iProof Store']
['For BQ Aquaris VS Plus X2 pro U2 Lite V Plus X Pro U Lite Plus PU Painted flip cover slot phone case'],['US $4.12'],[' 4.4'],['123 sold'],['+ Shipping: US $0.53'],['YaJieen Official Store']
['Case Cover For on Huawei P40 P30 P20 P10 P9 Lite Plus Case Flip Wallet Magnetic Stand Phone Poch Funda for Huawei P50 Pro'],['US $3.98'],[' 5.0'],['81 sold'],['Free Shipping'],"['Guangzhou Jie Fly Electronic Technology co., LTD']"
['Luxury Mercedes Benz AMG Car Phone Case for iPhone 11 Pro X XS Max XR 5 6 S 7 8 Plus Samsung Galaxy 9 10 S8 9 10 20 A50 Plus'],['US $1.65'],[],['28 sold'],['+ Shipping: US $1.43'],['Lums Store']
['Phone Etui Cover Case On For Coque Xiaomi Mi CC9e cc9 e Cases Xiomi Mi 9T Pro 9 Lite 9SE CC9 Magnetic Flip Wallet leather capa'],['US $3.78'],[' 4.7'],['81 sold'],['Free Shipping'],"['Kai Lin Technology Co., Ltd.']"
['Hybrid Rugged Armor PC + TPU Silicone Shockproof Case for Oneplus 8T 8 7 7T 9 Pro 1+Nord N10 5G N100 Soft Frame Hard Back Cover'],['US $3.35'],[' 4.6'],['736 sold'],['Free Shipping'],['OrangeOne Store']
['Wallet Case For Xiaomi Redmi 6a 6 Pro 7 7a Go K20 Pro Case Flip Phone Cover Luxury Leather Stand Protective Cart Slot Holder'],['US $3.31'],[' 4.8'],['996 sold'],['+ Shipping: US $0.68'],['ENGOI Official Store']
['Flip Case For Samsung A9 2018 Case Leather Vintage Wallet Case On Samsung Galaxy A9 2018 Phone Case For Samsung A9 2018 Cover On'],['US $4.74'],[' 5.0'],['170 sold'],['Free Shipping'],['LC.IMEEKE PhoneCase Store']
['Luxury Flip book leather case on For Samsung Galaxy A02 Cover Galaxy A02 A 02 case on For Samsung A02 SM-A022M A022F Cover coque'],['US $3.69'],[' 4.8'],['243 sold'],['Free Shipping'],['YouDun Store']
['Leather Flip Case for Leagoo M7 T5 T5C Z7 S9 T5 T8 T8S Z10 M13 S11 Phone Cover Wallet Book Bag'],['US $3.89'],[' 5.0'],['58 sold'],['Free Shipping'],['GHL1 Store']
['For TCL Plex  Case Fashion Silicone Soft TPU Cute Back Cases for TCL 10 SE  Phone Cover Funda Coque'],['US $3.43'],[' 5.0'],['40 sold'],['+ Shipping: US $1.26'],['Shop1919657 Store']
['Frosted Translucent Case For Oneplus 9 Pro Phone Case Silicone Frame Hard Clear Back Cover For One plus 9R'],['US $1.39'],[' 4.9'],['129 sold'],['+ Shipping: US $1.53'],['Voppton Official Store']
['Phone Cover For Realme C21 Case Flip Leather PU Wallet Capa For Realme C21 GT 5G  Stand Book Funda Protective Fashion Shell'],['US $3.91'],[' 4.8'],['30 sold'],['Free Shipping'],['TOGOOD 3C Store']
['For ZTE Blade 20 Case Silicone TPU Soft Matte Cover Phone Case For ZTE Blade 20 Case TPU Coque For ZTE Blade 20 Smart'],['US $1.69'],[' 4.6'],['121 sold'],['+ Shipping: US $0.84'],['Shop4229021 Store']
"[""samsun a12 case smart sleep mirror flip phone covers for samsung galaxy a12 a 12 sm-a125f/dsn 6.5'' magnetic stand book coque""]",['US $0.71'],[' 4.5'],['250 sold'],['Free Shipping'],['Relaxtoo Global Trading Store']
['Running Gym Cycling Sport Workout Phone Bag Cover For HuaWei P40 P30 P20 Pro P10 P9 Plus Lite 5G E XL GR5 2017 Arm Band Case'],['US $2.75'],[' 4.8'],['163 sold'],['Free Shipping'],['DreamHouse Global Store']
['Luxury Wallet Flip Phone Case For iPhone 11 pro MAX leather X XR XS Max 5 5S 6 6S 7 8 Plus SHOCKPROOF Clear Back Cover Shell'],['US $3.63'],[' 4.9'],['170 sold'],['Free Shipping'],['GOODOPT Store']
['Luxury Mirror View Flip Smart Case For Huawei Y9s Y 9s Y9 S STK-L21 STK-LX3 fundas Etui original Magnetic On Leather Phone Cover'],['US $3.97'],[' 4.7'],['21 sold'],['Free Shipping'],['HJin Store']
['case for xiaomi mi note 3 coque Luxury textile Leather skin soft TPU hard phone cover for xiaomi mi note 3 case funda capa'],['US $3.49'],[' 4.8'],['170 sold'],['Free Shipping'],['Shop404806 Store']
['Yinuoda Peaky Blinders Thomas Shelby TPU Soft Phone Case for Apple iPhone 8 7 6 6S Plus X XS MAX 5 5S SE XR 11 11pro max Cover'],['US $0.99'],[' 4.8'],['272 sold'],['+ Shipping: US $0.96'],['huahuazheng58 Store']
['Painted Leather Flip Phone Case For OPPO A52 A72 A92 A53 A53S A33 A5 2020 A9 2020 Butterfly Wallet Card Holder Stand Book Cover'],['US $2.42'],[' 5.0'],['28 sold'],['Free Shipping'],['Biencaso Store']
['Luxury Phone Case for Xiaomi Redmi 9AT 9 AT Redmi9AT Soft Edge Thin Business Back Cover Coque Capa Pc+TPU Pu Leather Fundas'],['US $1.96'],[' 4.9'],['23 sold'],['Free Shipping'],['Current&Classic Store']
['Vertical PU Leather Flip Case For Nokia 2 2.1 2.2 2.3 3.2 4.2 6 7 8 9 8.3 Wallet Phone Case For Nokia 5.1 6.1 Plus C1 C3 Coque'],['US $3.38'],[' 4.7'],['100 sold'],['+ Shipping: US $2.80'],['Unique Friendship Digital Store']
['Coque Flip Case for Xiaomi Mi A1 A2 Lite 5X 6X Mi4 4W 4C 4I 5 5C Note 7 7S 2 3 Pro Prime Leather Wallet Phone Case Skin Cover'],['US $3.81'],[' 4.8'],['34 sold'],['Free Shipping'],['YKJ13 Store']
['For Philips S561 Case For Philips S561 Silicone Soft TPU Phone Case For Philips S561'],['US $1.96'],[' 4.5'],['106 sold'],['+ Shipping: US $0.84'],['Royalwish Store']
['For BQ 6045L Nice LG K42 K52 Q31 Nokia 3.4 OPPO Realme Narzo 20 C17 A93 F17 20A Pro  PU Painted flip cover slot phone Case'],['US $4.12'],[' 4.8'],['33 sold'],['+ Shipping: US $0.53'],['DanfuLi Official Store']
['for LG Google Nexus 5 Cover Flip Leather Wallet Stand Book Card Slot Phone Bags for LG Google Nexus 5 D820 D821 Cases'],['US $3.88'],[' 4.9'],['33 sold'],['Free Shipping'],['Aipipixia Official Store']
['Phone Case For iPhone 8 7 6 6s Oppselve Ultra Thin Slim PC Cover Case For iPhone 8 7 6 6s Plus Coque Fundas Capinhas For iPhone8'],['US $1.32'],[' 4.9'],['39 sold'],['Free Shipping'],['Oppselve Official Store']
['Phone Case For Nokia 105 2019 Case TPU Painted Silicone Fundas For Nokia 105 2019 TA-1203 1.77 inch Cover Back Soft Bumper'],['US $1.51'],[' 4.5'],['137 sold'],['+ Shipping: US $1.04'],['FRUITWORLD Official Store']
['Case For Huawei Honor 9X Premium Ring Holder Fabric Hard Cover Soft Frame Cloth Phone Case For Honor 9X Global Version'],['US $3.76'],[' 4.8'],['84 sold'],['+ Shipping: US $1.00'],['Sun Road']
['For Cover Asus Zenfone 3 ZE552KL Case Anti-knock Heavy Duty Armor Cover Silicone Phone Bumper Case for Asus Zenfone 3 ZE552KL <'],['US $2.58'],[' 4.8'],['54 sold'],['Free Shipping'],['Shop5131069 Store']
['Luxury Leather case For Xiaomi Redmi 6A case Flip phone Back cover Wallet case For on Xiaomi Redmi 6 A 6 A 5.45 inch'],['US $3.71'],[' 4.7'],['237 sold'],['+ Shipping: US $2.95'],['kaverme OfficalFlag Store']
['Flip Case for Huawei Honor 10X Lite 6A 7 8 9 10 20 Plus Lite 10i 20s 20i 7X 8C 8X 9X 30s Leather Magnet Wallet Book Phone Cover'],['US $4.45'],[' 4.8'],['930 sold'],['Free Shipping'],['Shop3084108 Store']
['Phone Coque Case for Huawei Ascend P8 Lite Smart 2015 2017 P8 Mini Ale-L2 GRA-L09 Crossbody Necklace Cord Lanyards Rope Cover'],['US $3.65'],[' 4.5'],['30 sold'],['Free Shipping'],['GHLL55 Store']
['For Sony Xperia X F5121 Gel Pudding Silicone Phone Protective Back Shell For Sony Xperia X Dual F5122 Soft TPU Case'],['US $1.89'],[' 5.0'],['46 sold'],['+ Shipping: US $0.72'],['Huiman Store']
['Ultrathin PP 0.4mm matte Frosted Case For Google Pixel 4a Slim Super Thin Ultra Thin Plastic Protective Cover For Pixel 4a 5G'],['US $2.94'],[],['33 sold'],['Free Shipping'],['doberman Store']
['Soft TPU Glossy Silicone Case Back Cover Phone TPU Bumper Funda Custodia Housse Coque for DOOGEE S96 PRO Smartphone'],['US $4.79'],[' 4.9'],['27 sold'],['+ Shipping: US $0.84'],['OTTO Store']
['For Xiaomi Redmi 5 Case Leather Flip Case For Xiaomi Redmi 5 Plus Card Holder Wallet For redmi 5 plus Redmi5 Phone Cases'],['US $3.94'],[' 4.9'],['346 sold'],['Free Shipping'],['Good Goods Digital Store']
['For Funda Samsung A52 5G Case On For Samsung Galaxy A52 4G A 52 A525F Coque Luxury Magnetic Wallet Stand Leather Phone Cover'],['US $3.86'],[' 4.9'],['55 sold'],['+ Shipping: US $0.16'],['Only-1']
['For Huawei P Smart 2018 Case TPU Soft Silicone Wallet Phone Case For Huawei P Smart Case Bumper Funda P Smart 2018 FIG-LX1 Cover'],['US $3.89'],[' 5.0'],['102 sold'],['Free Shipping'],['Edoshvchv Global Store']
['Luxury Smart Mirror Flip Case For Xiaomi Redmi Note 9S 9 9A  8 Pro 8A 8T K30 10X Mi 10 Lite Youth Clear View Leather Stand Cover'],['US $2.20'],[' 5.0'],['335 sold'],['Free Shipping'],['Shop910562136 Store']
['Luxury Blue Red Car Phone Case For Samsung Galaxy A21S A01 A11 A31 A81 A10 A20E A30 A40 A50 A70 A80 A71 A51 Design-BMW'],['US $2.39'],[' 4.5'],['29 sold'],['+ Shipping: US $0.96'],['TopPhonecase1129 Store Store']
['case for xiaomi mi 9t pro coque Luxury textile Leather skin soft TPU hard PC phone cover for xiaomi mi 9t pro case funda'],['US $3.22'],[' 4.9'],['155 sold'],['Free Shipping'],['Shop404806 Store']
['Custom Your Photo Case For Samsung A32 A12 For Samsung Galaxy A12 A02S A72 A52 A32 4G 5G Glass Cover Phone DIY Cases Customized'],['US $2.99'],[' 5.0'],['23 sold'],['+ Shipping: US $0.58'],['szsxjtkj Store']
['Luxury Gradient Glitter Phone Case For V20 Pro V20 SE Y20S Y20i Y20 Y12S Y11S Y73S Y70 S7 5G Transparent Soft Phone Back Cover'],['US $3.68'],[' 4.5'],['30 sold'],['+ Shipping: US $1.53'],['Missbuy888 Store']
['Mirror View Smart Flip Case For Samsung Galaxy A5 2017 original Funda shell on A52017 SM A520 A520F Luxury Leather Phone Cover'],['US $3.97'],[' 4.6'],['93 sold'],['Free Shipping'],['HJin Store']
['Camera Glass Realmi C21 Case Clear Airbag Phone Cover for RealmeC21 Tempered Glass Relme C21 C 21 Soft Silicone Shockproof Coque'],['US $1.43'],[' 4.8'],['61 sold'],['Free Shipping'],['Relaxtoo Global Trading Store']
['Case for Doogee X70 X5 Max Pro X5S Shoot 2 N10 Y7 Y9 Plus N20 Y6 Y6C BL5000 BL7000 Phone Case Leather Flip Wallet Cover'],['US $3.86'],[' 4.6'],['56 sold'],['Free Shipping'],['GL7 Store']
['Pu Leather Wallet Case For AGM A9 Business Phone Case For AGM H1/AGM A9 JBL Flip Book Case Soft Tpu Silicone Back Cover'],['US $4.99'],[' 4.9'],['31 sold'],['+ Shipping: US $0.94'],['Wonder 3C Accessories Store']
['Super Hero Logo Phone Case for Redmi 9A 8A 7 6 6A Note 9 8 8T Pro Max Redmi 9 K20 K30 Pro Marvel'],['US $2.09'],[' 4.7'],['148 sold'],['+ Shipping: US $0.96'],['Uzilucky77 Store']
['Super Hero Phone Case Cover For Nokia 2.2 2.3 3.2 4.2 6.2 7.2 2V Cover For Nokia C1 C2 1.3 5.3 8.3 5G Soft TPU Silicone Bags'],['US $2.84'],[' 4.9'],['113 sold'],['+ Shipping: US $0.84'],['Shenzhen Xueliang Store']
['Case for Sony Xperia 1 II 5 Plus 5 10 II Ace 2 8 20 Z1 Compact Mini Z2 Z3 Plus Phone Case Leather Flip Cover'],['US $3.86'],[' 4.6'],['44 sold'],['Free Shipping'],['GL7 Store']
"['Find X3 Pro Case, Xundd Case, For OPPO Find X3 Lite Neo Case, Transparent Black Phone Cover Shockproof Fitted Fashion Shell']",['US $11.97'],[' 4.9'],['86 sold'],['Free Shipping'],['xundd Official Store']
"['M21 Leather Case For Samsung Galaxy M21 Case 6.4"" Etui Flip Cover Wallet Phone Cases For Samsung m21 M 21 M215 SM-M215F/DS Case']",['US $3.84'],[' 4.8'],['45 sold'],['Free Shipping'],"[""Peter' Store""]"
['for Nokia 1 3 5 1 Plus Case Luxury PU Leather Flip Wallet Stand Phone Cases for Fundas Nokia 6 2018 6.1 X5 5.1 Plus Coque Cover'],['US $3.31'],[' 4.8'],['81 sold'],['+ Shipping: US $0.68'],['BEBIRDCASE Official Store']
['Shockproof Case for Huawei y5 Lite Case Bumper on Huawei y5 Lite 2018 DRA-LX5 Military Armor Magnetic Car Holder Phone Cover'],['US $4.05'],[' 4.9'],['297 sold'],['Free Shipping'],['Kindamart Store']
['Case for OPPO Reno4 Z 5G A92S coque Luxury textile Leather skin soft TPU hard PC phone cover for OPPO Reno 4 Z 5G case funda'],['US $3.49'],[' 4.8'],['48 sold'],['Free Shipping'],['Shop404806 Store']
